package,manager,display,profile
7zip,pacman,xorg+wayland,cli
acpi,pacman,xorg+wayland,cli
acpid,pacman,xorg+wayland,cli
alacritty,pacman,xorg+wayland,gui_light
alsa-utils,pacman,xorg+wayland,gui_light
arandr,pacman,xorg,gui_light
archlinux-keyring,pacman,xorg+wayland,cli
axel,pacman,xorg+wayland,cli
base,pacman,xorg+wayland,cli
bat,pacman,xorg+wayland,cli
bc,pacman,xorg+wayland,cli
binutils,pacman,xorg+wayland,cli
blender,pacman,xorg+wayland,gui_heavy
blueman,pacman,xorg+wayland,gui_light
bluez,pacman,xorg+wayland,cli
bluez-utils,pacman,xorg+wayland,cli
brightnessctl,pacman,xorg+wayland,cli
btop,pacman,xorg+wayland,cli
cpupower,pacman,xorg+wayland,cli
cronie,pacman,xorg+wayland,cli
csvkit,pacman,xorg+wayland,cli
cups,pacman,xorg+wayland,gui_light
cups-pdf,pacman,xorg+wayland,gui_light
dosfstools,pacman,xorg+wayland,cli
efibootmgr,pacman,xorg+wayland,cli
electron,pacman,xorg+wayland,gui_heavy
entr,pacman,xorg+wayland,cli
evtest,pacman,xorg+wayland,cli
exfatprogs,pacman,xorg+wayland,cli
eza,pacman,xorg+wayland,cli
fakeroot,pacman,xorg+wayland,cli
feh,pacman,xorg,gui_light
ffmpegthumbnailer,pacman,xorg+wayland,gui_light
figlet,pacman,xorg+wayland,cli
file,pacman,xorg+wayland,cli
filelight,pacman,xorg+wayland,gui_light
findutils,pacman,xorg+wayland,cli
firefox,pacman,xorg+wayland,gui_light
flameshot,pacman,xorg+wayland,gui_light
font-manager,pacman,xorg+wayland,gui_light
foremost,pacman,xorg+wayland,cli
gawk,pacman,xorg+wayland,cli
gcc,pacman,xorg+wayland,cli
gdb,pacman,xorg+wayland,cli
gettext,pacman,xorg+wayland,cli
git,pacman,xorg+wayland,cli
git-delta,pacman,xorg+wayland,cli
git-lfs,pacman,xorg+wayland,cli
grep,pacman,xorg+wayland,cli
grim,pacman,wayland,gui_light
groff,pacman,xorg+wayland,cli
grub,pacman,xorg+wayland,cli
gtk4,pacman,xorg+wayland,gui_light
gufw,pacman,xorg+wayland,cli
gzip,pacman,xorg+wayland,cli
hexedit,pacman,xorg+wayland,cli
hexyl,pacman,xorg+wayland,cli
hwdetect,pacman,xorg+wayland,cli
hyperfine,pacman,xorg+wayland,cli
imv,pacman,xorg+wayland,cli
inkscape,pacman,xorg+wayland,gui_heavy
iptables,pacman,xorg+wayland,cli
jujutsu,pacman,xorg+wayland,cli
kdenlive,pacman,xorg+wayland,gui_heavy
keyd,pacman,xorg+wayland,cli
kondo,pacman,xorg+wayland,gui_light
krita,pacman,xorg+wayland,gui_heavy
kvantum,pacman,xorg+wayland,gui_light
lib32-glu,pacman,xorg+wayland,cli
lib32-gnutls,pacman,xorg+wayland,cli
lib32-libpulse,pacman,xorg+wayland,cli
libinput-tools,pacman,xorg+wayland,cli
libreoffice-still,pacman,xorg+wayland,gui_heavy
lightdm,pacman,xorg+wayland,gui_light
lightdm-webkit-theme-litarvan,pacman,xorg+wayland,gui_light
lightdm-webkit2-greeter,pacman,xorg+wayland,gui_light
linux,pacman,xorg+wayland,cli
linux-firmware,pacman,xorg+wayland,cli
linux-headers,pacman,xorg+wayland,cli
lrzip,pacman,xorg+wayland,cli
lshw,pacman,xorg+wayland,cli
lutris,pacman,xorg+wayland,gui_heavy
lxappearance,pacman,xorg+wayland,gui_light
mako,pacman,wayland,gui_light
man-pages,pacman,xorg+wayland,cli
mate-polkit,pacman,xorg,gui_light
matugen,pacman,xorg+wayland,cli
micro,pacman,xorg+wayland,cli
mpv,pacman,xorg+wayland,cli
mpv-mpris,pacman,xorg+wayland,cli
mtools,pacman,xorg+wayland,cli
musescore,pacman,xorg+wayland,gui_heavy
neovim,pacman,xorg+wayland,cli
net-tools,pacman,xorg+wayland,cli
network-manager-applet,pacman,xorg+wayland,gui_light
networkmanager,pacman,xorg+wayland,cli
niri,pacman,wayland,gui_light
noto-fonts,pacman,xorg+wayland,cli
noto-fonts-cjk,pacman,xorg+wayland,cli
noto-fonts-emoji,pacman,xorg+wayland,cli
ntfs-3g,pacman,xorg+wayland,cli
numlockx,pacman,xorg,cli
nwg-look,pacman,wayland,gui_light
obs-studio,pacman,xorg+wayland,gui_heavy
openssh,pacman,xorg+wayland,cli
openvpn,pacman,xorg+wayland,cli
os-prober,pacman,xorg+wayland,cli
pacman,pacman,xorg+wayland,cli
pacman-contrib,pacman,xorg+wayland,cli
pandoc-cli,pacman,xorg+wayland,gui_light
parallel,pacman,xorg+wayland,cli
patch,pacman,xorg+wayland,cli
pavucontrol,pacman,xorg+wayland,gui_light
pcmanfm,pacman,xorg+wayland,gui_light
pdfarranger,pacman,xorg+wayland,gui_light
picom,pacman,xorg,gui_light
pipewire-alsa,pacman,xorg+wayland,cli
pipewire-docs,pacman,xorg+wayland,cli
pipewire-jack,pacman,xorg+wayland,cli
pipewire-pulse,pacman,xorg+wayland,cli
playerctl,pacman,xorg+wayland,cli
plocate,pacman,xorg+wayland,cli
plymouth,pacman,xorg+wayland,cli
polybar,pacman,xorg,gui_light
pop-gtk-theme,pacman,xorg+wayland,gui_light
prismlauncher,pacman,xorg+wayland,gui_heavy
progress,pacman,xorg+wayland,cli
proton-vpn-gtk-app,pacman,xorg+wayland,gui_heavy
psensor,pacman,xorg+wayland,cli
qbittorrent,pacman,xorg+wayland,gui_heavy
qpwgraph,pacman,xorg+wayland,gui_light
quickshell,pacman,wayland,gui_light
redshift,pacman,xorg,gui_light
rofi,pacman,xorg+wayland,gui_light
rsync,pacman,xorg+wayland,cli
scrcpy,pacman,xorg+wayland,gui_heavy
sed,pacman,xorg+wayland,cli
shellcheck,pacman,xorg+wayland,cli
slock,pacman,xorg,gui_light
smartmontools,pacman,xorg+wayland,cli
sqlitebrowser,pacman,xorg+wayland,cli
starship,pacman,xorg+wayland,cli
steam,pacman,xorg+wayland,gui_heavy
stress,pacman,xorg+wayland,cli
sudo,pacman,xorg+wayland,cli
swaylock,pacman,wayland,gui_light
sxhkd,pacman,xorg,gui_light
syncthing,pacman,xorg+wayland,gui_heavy
tailscale,pacman,xorg+wayland,gui_heavy
termdown,pacman,xorg+wayland,cli
tmux,pacman,xorg+wayland,cli
tor,pacman,xorg+wayland,gui_heavy
torbrowser-launcher,pacman,xorg+wayland,gui_heavy
traceroute,pacman,xorg+wayland,cli
tree,pacman,xorg+wayland,cli
ttf-dejavu,pacman,xorg+wayland,cli
ttf-firacode-nerd,pacman,xorg+wayland,cli
ttf-iosevka-nerd,pacman,xorg+wayland,cli
ttf-jetbrains-mono-nerd,pacman,xorg+wayland,cli
ttf-material-symbols-variable,pacman,xorg+wayland,cli
ttf-nerd-fonts-symbols,pacman,xorg+wayland,cli
ttf-nerd-fonts-symbols-common,pacman,xorg+wayland,cli
ttf-nerd-fonts-symbols-mono,pacman,xorg+wayland,cli
unrar,pacman,xorg+wayland,cli
unzip,pacman,xorg+wayland,cli
valgrind,pacman,xorg+wayland,cli
veracrypt,pacman,xorg+wayland,cli
vim,pacman,xorg+wayland,cli
virt-manager,pacman,xorg+wayland,gui_light
vulkan-radeon,pacman,xorg+wayland,cli
vulkan-tools,pacman,xorg+wayland,cli
waybar,pacman,wayland,gui_light
wev,pacman,wayland,gui_light
which,pacman,xorg+wayland,cli
wine,pacman,xorg+wayland,gui_light
wireplumber,pacman,xorg+wayland,cli
wl-clipboard,pacman,wayland,gui_light
wmctrl,pacman,xorg,gui_light
xarchiver,pacman,xorg+wayland,gui_light
xbindkeys,pacman,xorg,gui_light
xclip,pacman,xorg,gui_light
xdg-desktop-portal-gnome,pacman,wayland,gui_light
xdg-desktop-portal-gtk,pacman,wayland,gui_light
xdg-user-dirs,pacman,xorg+wayland,cli
xdotool,pacman,xorg,gui_light
xf86-video-amdgpu,pacman,xorg+wayland,cli
xf86-video-vesa,pacman,xorg+wayland,cli
dysk,pacman,xorg+wayland,cli
gpick,pacman,xorg,gui_light
lib32-libxcursor,pacman,xorg+wayland,cli
lib32-libxrandr,pacman,xorg+wayland,cli
lib32-vulkan-radeon,pacman,xorg+wayland,cli
libvirt,pacman,xorg+wayland,gui_light
xorg-docs,pacman,xorg,gui_light
xorg-font-util,pacman,xorg,gui_light
xorg-fonts-100dpi,pacman,xorg,gui_light
xorg-fonts-75dpi,pacman,xorg,gui_light
xorg-iceauth,pacman,xorg,gui_light
xorg-mkfontscale,pacman,xorg,gui_light
xorg-server,pacman,xorg,gui_light
xorg-server-devel,pacman,xorg,gui_light
xorg-server-xephyr,pacman,xorg,gui_light
xorg-server-xnest,pacman,xorg,gui_light
xorg-server-xvfb,pacman,xorg,gui_light
xorg-sessreg,pacman,xorg,gui_light
xorg-smproxy,pacman,xorg,gui_light
xorg-x11perf,pacman,xorg,gui_light
xorg-xauth,pacman,xorg,gui_light
xorg-xbacklight,pacman,xorg,gui_light
xorg-xclipboard,pacman,xorg,gui_light
xorg-xcmsdb,pacman,xorg,gui_light
xorg-xcursorgen,pacman,xorg,gui_light
xorg-xdpyinfo,pacman,xorg,gui_light
xorg-xdriinfo,pacman,xorg,gui_light
xorg-xev,pacman,xorg,gui_light
xorg-xgamma,pacman,xorg,gui_light
xorg-xhost,pacman,xorg,gui_light
xorg-xinit,pacman,xorg,gui_light
xorg-xinput,pacman,xorg,gui_light
xorg-xkbevd,pacman,xorg,gui_light
xorg-xkbutils,pacman,xorg,gui_light
xorg-xkill,pacman,xorg,gui_light
xorg-xlsatoms,pacman,xorg,gui_light
xorg-xlsclients,pacman,xorg,gui_light
xorg-xpr,pacman,xorg,gui_light
xorg-xprop,pacman,xorg,gui_light
xorg-xrefresh,pacman,xorg,gui_light
xorg-xset,pacman,xorg,gui_light
xorg-xsetroot,pacman,xorg,gui_light
xorg-xvinfo,pacman,xorg,gui_light
xorg-xwayland,pacman,xorg,gui_light
xorg-xwd,pacman,xorg,gui_light
xorg-xwininfo,pacman,xorg,gui_light
xorg-xwud,pacman,xorg,gui_light
xsel,pacman,xorg,gui_light
xterm,pacman,xorg,gui_light
xwayland-satellite,pacman,xorg+wayland,gui_light
yq,pacman,xorg+wayland,cli
yt-dlp,pacman,xorg+wayland,cli
zathura,pacman,xorg+wayland,gui_light
zathura-djvu,pacman,xorg+wayland,gui_light
zathura-pdf-mupdf,pacman,xorg+wayland,gui_light
zip,pacman,xorg+wayland,cli
zsh,pacman,xorg+wayland,cli
zsh-autosuggestions,pacman,xorg+wayland,cli
zsh-completions,pacman,xorg+wayland,cli
zsh-syntax-highlighting,pacman,xorg+wayland,cli
a2ln,yay,xorg+wayland,gui_heavy
awesome-git,yay,xorg,gui_light
brave-bin,yay,xorg+wayland,gui_heavy
downgrade,yay,xorg+wayland,cli
localsend-bin,yay,xorg+wayland,gui_heavy
muse-sounds-manager,yay,xorg+wayland,gui_heavy
nody-greeter,yay,xorg+wayland,gui_light
openvpn-update-systemd-resolved,yay,xorg+wayland,cli
pinta,yay,xorg+wayland,gui_heavy
protonup-qt-bin,yay,xorg+wayland,gui_heavy
sunsetr,yay,wayland,gui_light
ungoogled-chromium-bin,yay,xorg+wayland,gui_light
ventoy-bin,yay,xorg+wayland,gui_light
vscodium-bin,yay,xorg+wayland,gui_light
xdg-ninja,yay,xorg+wayland,gui_light
yay,yay,xorg+wayland,cli
zsh-auto-notify,yay,xorg+wayland,cli
